ID,Target
85197,Stressed
779677,Healthy
1331840,Healthy
483053,Healthy
542945,Healthy
924784,Healthy
544841,Healthy
1306157,Stressed
525329,Diseased
592789,Healthy
1326689,Healthy
1326699,Healthy
1331844,Healthy
1326700,Healthy
1326701,Healthy
1326710,Healthy
1326711,Diseased
1326712,Healthy
1326713,Healthy
784737,Stressed
1331845,Healthy
1326723,Healthy
1326724,Healthy
1326725,Healthy
1326726,Healthy
1326727,Healthy
1326728,Healthy
1331846,Stressed
1326734,Healthy
1331847,Healthy
1326735,Healthy
1326736,Diseased
1326737,Healthy
1326738,Healthy
1326739,Healthy
1326741,Healthy
1326752,Healthy
390522,Healthy
1326756,Healthy
1326757,Healthy
1326758,Healthy
1326759,Healthy
1326760,Healthy
1326761,Healthy
1326762,Healthy
1326765,Pests
1326766,Healthy
1326767,Healthy
1326768,Diseased
1331849,Healthy
1326769,Healthy
1326770,Diseased
1326772,Healthy
1326777,Healthy
1326778,Diseased
1326779,Diseased
1331850,Healthy
1326780,Diseased
1326781,Diseased
1326782,Diseased
1326783,Diseased
1326784,Diseased
1326785,Healthy
1326789,Healthy
1331851,Diseased
1326790,Healthy
1326791,Diseased
1326792,Healthy
1326793,Healthy
1326794,Diseased
1326799,Diseased
1326800,Healthy
1326801,Healthy
1326802,Healthy
1331852,Healthy
1326803,Healthy
1326804,Healthy
1326805,Diseased
1326806,Diseased
1326807,Healthy
1326808,Diseased
1326809,Healthy
1331853,Healthy
1326810,Diseased
1326811,Healthy
1326812,Healthy
1326813,Diseased
1331854,Healthy
1326856,Healthy
1326857,Healthy
1326858,Healthy
1326859,Healthy
1326860,Healthy
1326861,Healthy
1326862,Healthy
1326863,Healthy
1326864,Stressed
1326885,Healthy
1326886,Healthy
1326887,Healthy
1326888,Pests
1326889,Stressed
1326890,Stressed
1326908,Stressed
1326920,Healthy
1326921,Healthy
1326938,Healthy
1326939,Healthy
1326940,Healthy
1326941,Healthy
1331862,Healthy
1327007,Healthy
1327008,Healthy
106862,Healthy
1327010,Healthy
265391,Healthy
1327012,Healthy
1327013,Healthy
1327014,Healthy
1331864,Healthy
1327015,Diseased
1327040,Stressed
1327041,Healthy
1327042,Stressed
1327043,Diseased
1327044,Healthy
162166,Healthy
1327046,Stressed
91718,Healthy
1327048,Healthy
1327049,Healthy
1327050,Healthy
1327051,Healthy
1327196,Healthy
1327197,Pests
1327198,Healthy
1327199,Healthy
1327200,Healthy
1327201,Healthy
1327294,Healthy
1327295,Healthy
1327296,Healthy
1327297,Healthy
1327298,Healthy
1327299,Pests
1327300,Healthy
1327301,Healthy
1327302,Healthy
472943,Pests
1327304,Healthy
1327305,Healthy
1327306,Healthy
1327307,Healthy
1327308,Healthy
1327309,Healthy
1327310,Stressed
1331881,Healthy
1327311,Healthy
1327312,Healthy
1327313,Healthy
1327314,Pests
1327320,Pests
1327321,Healthy
1327322,Healthy
1327455,Healthy
1327456,Pests
1327457,Healthy
1327458,Healthy
1331890,Healthy
1327466,Pests
1327473,Pests
1327475,Healthy
1327476,Healthy
1327477,Healthy
1327478,Healthy
1331892,Healthy
1327479,Healthy
1327489,Healthy
1327490,Healthy
1327491,Healthy
1327492,Healthy
1331894,Healthy
1327493,Stressed
391244,Healthy
1327535,Healthy
1327558,Healthy
1327559,Healthy
1327561,Healthy
1327562,Healthy
1327563,Stressed
1327564,Stressed
1327565,Stressed
1327566,Diseased
1327579,Pests
1327580,Stressed
1331898,Healthy
1327581,Healthy
1327582,Healthy
1327583,Diseased
1327584,Stressed
1327585,Stressed
1327586,Healthy
1327587,Stressed
1327588,Stressed
1327589,Healthy
1327590,Healthy
384359,Healthy
1327592,Diseased
1327593,Diseased
584695,Healthy
1327595,Stressed
1327596,Diseased
1327597,Diseased
1327598,Stressed
1327599,Healthy
1327600,Healthy
1327750,Healthy
1327751,Stressed
1327752,Healthy
1327753,Diseased
1327754,Stressed
1327927,Stressed
1327928,Healthy
1327929,Pests
1331927,Healthy
1327930,Healthy
1327931,Diseased
1327932,Diseased
1327933,Healthy
1327934,Pests
1327935,Pests
1327936,Diseased
1327937,Diseased
1327938,Diseased
1327939,Diseased
1327940,Stressed
1327941,Pests
1327942,Healthy
1327943,Healthy
1327944,Diseased
1327945,Healthy
1328085,Diseased
1328094,Stressed
1328095,Diseased
1328096,Healthy
1328097,Healthy
1328098,Healthy
830675,Diseased
1328100,Healthy
1328101,Healthy
1328102,Healthy
1328103,Healthy
1328104,Healthy
1328136,Stressed
1331938,Diseased
1331941,Pests
1328180,Healthy
1328181,Healthy
1328182,Healthy
1328183,Healthy
1328184,Healthy
1328185,Diseased
1328186,Healthy
1328187,Stressed
1328188,Healthy
1328189,Diseased
1328190,Healthy
1328191,Healthy
1328192,Healthy
1328193,Healthy
1328194,Diseased
672220,Pests
1328196,Diseased
1328197,Healthy
1328198,Healthy
1328199,Healthy
1328200,Stressed
1328201,Healthy
1328202,Healthy
1328203,Stressed
1328204,Diseased
1328331,Healthy
1328332,Healthy
1328333,Healthy
1328334,Healthy
1328335,Pests
1328336,Diseased
1328337,Healthy
1328338,Healthy
1328339,Healthy
1328340,Diseased
1328341,Pests
1328342,Diseased
1331949,Healthy
1328343,Diseased
1328344,Healthy
1328345,Healthy
1328346,Healthy
1328347,Healthy
1328348,Diseased
1328349,Stressed
1328350,Healthy
1331950,Healthy
1328354,Healthy
1328355,Diseased
1328356,Healthy
1328357,Healthy
47182,Diseased
1328358,Healthy
1328359,Healthy
1328360,Healthy
1328362,Diseased
1328364,Healthy
1328365,Stressed
1328366,Diseased
1328367,Diseased
1331952,Diseased
1328381,Diseased
1328382,Stressed
1328383,Diseased
1328410,Healthy
1328411,Diseased
1328412,Healthy
1328416,Stressed
1328442,Pests
1328443,Healthy
1328444,Healthy
1328445,Healthy
1328446,Diseased
1328455,Healthy
1328456,Diseased
1328457,Pests
1328458,Healthy
1331957,Pests
1328459,Pests
1331958,Healthy
1328460,Healthy
1328461,Healthy
1331959,Healthy
1328464,Stressed
1328474,Healthy
1328475,Diseased
1328476,Pests
1331961,Healthy
1328477,Healthy
1328490,Diseased
1328491,Healthy
1328492,Pests
1328493,Healthy
1328494,Stressed
1328496,Healthy
1328497,Healthy
1328502,Pests
1328537,Healthy
1328538,Healthy
1328539,Healthy
1328540,Healthy
1328541,Healthy
1328542,Pests
1328543,Diseased
1328544,Healthy
1328545,Healthy
1328546,Healthy
1328547,Healthy
1328548,Healthy
1328558,Healthy
1328559,Diseased
1328560,Healthy
213855,Healthy
1328562,Diseased
1328568,Healthy
1328569,Healthy
688070,Healthy
16877,Healthy
1328579,Healthy
1328580,Healthy
1328583,Healthy
1328584,Stressed
1328585,Healthy
1328586,Healthy
1328590,Healthy
1328591,Healthy
1331965,Healthy
1328598,Healthy
1328600,Healthy
1328601,Healthy
1328626,Pests
1328627,Stressed
1328628,Healthy
1328631,Healthy
1328632,Healthy
1328633,Healthy
1328634,Healthy
1328635,Healthy
1328636,Healthy
1328637,Stressed
1328638,Healthy
1328639,Stressed
1328640,Stressed
1328651,Healthy
1328652,Pests
1328653,Healthy
1328654,Healthy
1328655,Diseased
1328657,Healthy
1328659,Healthy
1328660,Healthy
1328661,Healthy
1331967,Healthy
1328662,Healthy
1328663,Healthy
1328664,Healthy
1328665,Healthy
1328670,Healthy
1328671,Healthy
1328683,Stressed
1328684,Pests
1328708,Healthy
1328709,Healthy
1328710,Diseased
1328711,Healthy
1328712,Stressed
1328713,Healthy
1328714,Healthy
1328715,Healthy
1328716,Diseased
1328717,Healthy
1328718,Pests
1328723,Healthy
1328724,Healthy
1328725,Healthy
1328726,Healthy
1328727,Healthy
1328728,Diseased
1328729,Healthy
1328730,Healthy
1328731,Healthy
1328732,Pests
1328733,Healthy
1328744,Healthy
1328745,Pests
1331971,Healthy
1328746,Stressed
1328747,Healthy
1328748,Healthy
1328749,Healthy
1328750,Healthy
945067,Stressed
1328752,Diseased
1328753,Healthy
1328754,Stressed
1328755,Diseased
1328756,Healthy
1328757,Healthy
1328758,Healthy
612084,Healthy
1328760,Healthy
1328761,Healthy
1328762,Healthy
1328772,Healthy
1331972,Healthy
1328773,Healthy
1328774,Healthy
1328775,Diseased
1328776,Healthy
1328777,Healthy
1328778,Healthy
1331973,Healthy
1328779,Healthy
1328780,Healthy
1328781,Healthy
1328782,Pests
1331974,Healthy
1328783,Healthy
1328784,Healthy
1331975,Healthy
1328785,Healthy
1331980,Healthy
1331981,Stressed
1328862,Healthy
451892,Healthy
1328864,Healthy
1328865,Stressed
433500,Healthy
1328887,Diseased
1328888,Healthy
1328889,Healthy
1328890,Healthy
1328897,Healthy
1328898,Healthy
1328903,Healthy
987048,Diseased
1328905,Healthy
1328906,Healthy
1328907,Pests
1328908,Healthy
1328909,Pests
1328910,Healthy
1328911,Diseased
1328912,Healthy
1328913,Pests
1328914,Healthy
1328915,Healthy
1328916,Healthy
1328917,Pests
1328918,Healthy
1328919,Healthy
1328932,Healthy
1329039,Healthy
1331984,Healthy
1329040,Diseased
1329041,Healthy
1329042,Healthy
1329046,Diseased
1329048,Healthy
1329049,Healthy
1329050,Healthy
1329051,Healthy
1329052,Healthy
1329053,Healthy
1331990,Healthy
1329143,Healthy
1329153,Healthy
1329154,Stressed
1329166,Healthy
1329167,Healthy
311155,Pests
1329225,Stressed
800460,Healthy
1329317,Healthy
1329318,Healthy
1329319,Stressed
1329320,Pests
1329321,Pests
1329322,Healthy
1329323,Diseased
1329334,Stressed
1329335,Diseased
1329368,Stressed
1329369,Stressed
1329370,Diseased
1329371,Healthy
1329372,Healthy
1329413,Healthy
1332007,Healthy
1329414,Healthy
1329415,Healthy
1329416,Healthy
1329417,Healthy
1329418,Healthy
1329419,Healthy
1329422,Healthy
1329423,Healthy
1329424,Healthy
1329430,Healthy
1329431,Healthy
1329432,Healthy
1329433,Healthy
1329434,Healthy
1329455,Healthy
1329456,Healthy
1329457,Healthy
1329459,Healthy
1329461,Healthy
1329462,Healthy
1329463,Healthy
1329465,Healthy
1329468,Healthy
1329469,Healthy
1329470,Healthy
1329471,Healthy
965633,Healthy
1329473,Healthy
1329474,Healthy
1329475,Healthy
1332016,Stressed
1329476,Healthy
1329477,Healthy
1329478,Healthy
1329479,Healthy
1329529,Healthy
1329530,Healthy
1329651,Pests
1329652,Healthy
1329654,Healthy
1332023,Pests
1329673,Healthy
1329674,Pests
1329675,Healthy
1329676,Stressed
1329677,Stressed
1329678,Diseased
1329679,Healthy
1329680,Healthy
1329681,Healthy
1329682,Healthy
1329683,Healthy
1329684,Healthy
1329685,Healthy
1329686,Healthy
1329747,Diseased
1329748,Stressed
1329749,Healthy
1329750,Healthy
1329751,Healthy
1329752,Pests
1329753,Healthy
1329754,Healthy
1329755,Healthy
1329756,Stressed
1329757,Stressed
1329758,Stressed
1329759,Stressed
1329760,Diseased
1329761,Healthy
1329762,Healthy
1329763,Stressed
1332028,Healthy
1329765,Healthy
1329766,Healthy
405271,Diseased
1332029,Healthy
1329768,Stressed
1332030,Healthy
1329769,Diseased
367296,Healthy
1329778,Healthy
1329779,Healthy
1329780,Healthy
1329781,Healthy
1329782,Diseased
1329783,Pests
1329784,Stressed
1332031,Pests
1329785,Healthy
1329786,Healthy
1329787,Healthy
1329788,Stressed
1329789,Stressed
1329790,Healthy
1329791,Stressed
1329792,Healthy
1329793,Healthy
1329794,Healthy
1329812,Healthy
1329813,Healthy
1329814,Diseased
1329815,Diseased
1329816,Diseased
1329830,Healthy
1332035,Healthy
1329831,Healthy
1329832,Healthy
1329833,Healthy
1329834,Healthy
1329835,Healthy
1329836,Stressed
1329837,Healthy
1329838,Diseased
1329839,Healthy
1329840,Healthy
1329841,Diseased
1329842,Healthy
1329843,Diseased
1329844,Pests
1329845,Diseased
1329859,Stressed
1329860,Stressed
1329899,Healthy
1329917,Stressed
1329918,Healthy
1329919,Healthy
1329920,Healthy
1329921,Stressed
1329922,Healthy
320285,Healthy
1329924,Healthy
1329925,Healthy
1329926,Healthy
1329927,Stressed
1329928,Healthy
1329929,Healthy
1329930,Healthy
1329931,Healthy
1332043,Healthy
1329932,Healthy
1329933,Healthy
1329934,Healthy
1329935,Healthy
1329936,Stressed
1329937,Healthy
1329938,Healthy
1329939,Pests
1329940,Diseased
1329941,Healthy
1329942,Healthy
1330086,Healthy
1330196,Healthy
1330623,Healthy
1330624,Healthy
1330625,Healthy
1330626,Healthy
201801,Healthy
1330628,Healthy
1330629,Healthy
1330630,Stressed
1330631,Healthy
1330632,Healthy
1330633,Stressed
1330634,Diseased
1330635,Healthy
1330636,Healthy
1330637,Healthy
1330694,Healthy
1330695,Healthy
1330714,Stressed
1332093,Healthy
1330715,Diseased
1330716,Healthy
1330717,Stressed
1330718,Healthy
1330719,Diseased
1330720,Pests
1330721,Healthy
258558,Healthy
1330723,Healthy
1330724,Diseased
1330725,Healthy
1330726,Healthy
1330728,Stressed
1330729,Healthy
1330730,Healthy
1330732,Healthy
1330733,Healthy
1330734,Healthy
1330735,Healthy
1330847,Pests
1330848,Diseased
358782,Healthy
1330850,Healthy
1330851,Healthy
1330852,Diseased
1330853,Healthy
1330854,Diseased
1330855,Diseased
1330856,Healthy
1330857,Diseased
1330858,Diseased
1330859,Stressed
947504,Stressed
1330861,Healthy
1330862,Healthy
1330863,Stressed
1330864,Stressed
1330865,Healthy
1330866,Pests
1330867,Stressed
1330868,Healthy
1330869,Healthy
1330870,Healthy
1330871,Healthy
1330872,Healthy
1330873,Healthy
1330874,Diseased
1330875,Stressed
1330876,Healthy
1330877,Diseased
1330878,Stressed
1332101,Diseased
803427,Stressed
1330880,Diseased
1330881,Healthy
1330882,Healthy
389103,Healthy
1330884,Healthy
1330885,Healthy
1330886,Diseased
1330887,Healthy
1330888,Pests
1330889,Healthy
1330890,Diseased
1330891,Healthy
1332102,Healthy
1330892,Stressed
1330893,Healthy
1330894,Healthy
1330895,Stressed
1330896,Stressed
1330897,Diseased
1330898,Healthy
1330899,Pests
1330900,Diseased
1330901,Diseased
1330902,Stressed
1330903,Stressed
1330904,Diseased
1332103,Stressed
1330905,Diseased
1330906,Healthy
1331035,Stressed
1331037,Diseased
1331041,Stressed
1331043,Diseased
737986,Diseased
1331045,Healthy
1331046,Stressed
1331047,Healthy
1331048,Healthy
1331049,Stressed
1331050,Healthy
848186,Healthy
1331052,Stressed
1331053,Healthy
1331054,Healthy
1331055,Healthy
1331056,Stressed
1331057,Healthy
1331058,Healthy
1331059,Healthy
1331060,Diseased
1331061,Diseased
1331062,Healthy
1331063,Healthy
1331064,Diseased
1331065,Stressed
1331066,Healthy
1331067,Stressed
1331068,Healthy
1331069,Healthy
1331070,Stressed
1331071,Stressed
1331072,Stressed
1331073,Healthy
1331074,Diseased
1331075,Healthy
1331076,Healthy
1331077,Healthy
1331078,Healthy
1331079,Diseased
1331080,Diseased
1331081,Pests
1331082,Healthy
1331083,Pests
1331084,Diseased
1331085,Healthy
1331086,Diseased
1331090,Healthy
1331100,Diseased
1331102,Diseased
1331103,Diseased
1331104,Diseased
1331105,Healthy
1331106,Healthy
1331107,Healthy
1331108,Healthy
1331109,Diseased
1331110,Healthy
1331111,Diseased
1331112,Diseased
1331113,Healthy
1331114,Stressed
460899,Healthy
602237,Stressed
1331117,Diseased
1331118,Healthy
1331119,Healthy
1331120,Healthy
1331121,Healthy
1331122,Healthy
1331123,Healthy
1331124,Diseased
1331125,Healthy
1331126,Diseased
1332110,Healthy
1331127,Stressed
1331128,Diseased
1331129,Pests
1331130,Stressed
1331131,Diseased
1331132,Healthy
1331133,Pests
1331134,Healthy
1331135,Healthy
1331136,Healthy
1331137,Healthy
1331138,Healthy
1331139,Diseased
1331199,Pests
1331200,Diseased
1332116,Healthy
1331201,Stressed
1331202,Healthy
1331203,Stressed
1331204,Diseased
1331208,Healthy
1331209,Healthy
1331210,Diseased
1331213,Diseased
1331214,Diseased
1331229,Healthy
1331230,Healthy
1331231,Stressed
1331232,Pests
1331233,Pests
1331234,Healthy
1331235,Diseased
500837,Healthy
1331259,Stressed
1331266,Healthy
1331267,Healthy
1331271,Healthy
1331298,Pests
1331309,Healthy
1331388,Healthy
1331390,Healthy
1331391,Healthy
1331392,Healthy
1331393,Healthy
1331394,Healthy
1331395,Pests
1332128,Healthy
1331396,Healthy
1332129,Healthy
1331397,Healthy
1331398,Healthy
1331399,Healthy
1331400,Pests
1331401,Healthy
1331402,Healthy
1331403,Healthy
1332130,Healthy
1331404,Healthy
1331405,Healthy
1331406,Healthy
1331407,Healthy
1331408,Healthy
404742,Healthy
1331410,Healthy
1331411,Healthy
1331412,Healthy
1332131,Pests
1331413,Healthy
1331414,Healthy
1331415,Healthy
1331416,Healthy
1331417,Stressed
1331418,Healthy
1331419,Healthy
1331420,Healthy
1331421,Healthy
1331422,Healthy
1331423,Healthy
1332132,Healthy
1331424,Healthy
1331425,Healthy
1331426,Pests
1331427,Healthy
1331428,Healthy
1331429,Healthy
1331430,Healthy
1331431,Pests
1331432,Pests
1331433,Healthy
1331434,Healthy
1331435,Healthy
1331436,Healthy
1331437,Healthy
1331438,Healthy
1331439,Healthy
1331440,Healthy
1331469,Stressed
1331470,Healthy
1331471,Pests
1331472,Healthy
1331473,Healthy
1331474,Healthy
1331475,Healthy
1331476,Healthy
1331478,Stressed
1331479,Healthy
1331480,Healthy
1331481,Healthy
1331482,Healthy
1331483,Pests
1331484,Healthy
1331485,Healthy
1331486,Healthy
1331487,Healthy
1331488,Healthy
1331489,Healthy
1331490,Healthy
1331491,Healthy
1331492,Healthy
1331493,Healthy
1331494,Healthy
1331495,Healthy
1331496,Healthy
1332136,Healthy
1331497,Healthy
1331498,Healthy
1331499,Healthy
1331500,Healthy
1331501,Healthy
1331502,Healthy
1331503,Healthy
1331504,Healthy
1331512,Healthy
1331515,Pests
1331516,Healthy
1331517,Healthy
1331518,Healthy
1331519,Healthy
1331520,Healthy
1331521,Pests
1332137,Healthy
1331522,Healthy
1331523,Pests
1331532,Stressed
1331540,Healthy
1331541,Healthy
1331542,Healthy
1331567,Healthy
1331577,Healthy
1331578,Healthy
1331579,Healthy
1332141,Healthy
1331580,Stressed
1331581,Healthy
1331582,Healthy
1331583,Healthy
1331584,Healthy
1331593,Healthy
1332142,Pests
1331594,Healthy
1331595,Healthy
1331596,Healthy
1331597,Healthy
1331598,Healthy
1331599,Pests
1331600,Healthy
1331601,Healthy
1331611,Healthy
1331656,Pests
1331664,Stressed
1331665,Healthy
1331666,Healthy
1331667,Healthy
1331668,Pests
1331669,Pests
1331670,Healthy
1331759,Diseased
1331760,Diseased
1331761,Pests
1331762,Pests
1331763,Pests
1331764,Healthy
1331765,Healthy
1331766,Healthy
1331823,Pests
1314574,Healthy
1314563,Healthy
1314559,Diseased
1314557,Stressed
1314568,Stressed
1314560,Healthy
1314564,Diseased
1314595,Healthy
1314597,Healthy
1314558,Healthy
1314566,Healthy
1314573,Healthy
1314565,Pests
1317405,Stressed
1317486,Healthy
1317413,Healthy
1317511,Healthy
1317491,Healthy
1317496,Healthy
1317572,Diseased
1317446,Healthy
1317441,Healthy
1317566,Healthy
1317574,Healthy
1317443,Stressed
1317569,Healthy
1317568,Diseased
1317571,Healthy
1317435,Pests
1317500,Stressed
1317565,Stressed
1317612,Stressed
1317472,Stressed
1317490,Healthy
1317419,Healthy
1317609,Pests
1317418,Pests
1317414,Healthy
1317509,Stressed
1317499,Healthy
1317448,Healthy
1317430,Healthy
1317552,Healthy
1317483,Healthy
1317444,Healthy
1317429,Stressed
1317581,Healthy
1317573,Healthy
1317482,Healthy
1317426,Stressed
1317507,Healthy
1317611,Healthy
1317505,Stressed
1317607,Healthy
1317424,Healthy
1317504,Healthy
1317425,Healthy
1317576,Healthy
1317578,Stressed
67943,Diseased
1317479,Stressed
1317570,Diseased
1317577,Pests
1317434,Healthy
1317613,Healthy
1317423,Healthy
1317475,Diseased
1317549,Diseased
1317610,Healthy
1317567,Healthy
1317478,Diseased
1317406,Healthy
1317495,Stressed
1314509,Stressed
1314440,Stressed
1314469,Stressed
1314503,Healthy
1314528,Healthy
1314425,Stressed
1314513,Pests
1314479,Healthy
1314475,Pests
1314455,Healthy
1314491,Pests
1314524,Healthy
1314514,Healthy
1314519,Healthy
1314532,Diseased
1314470,Healthy
828123,Healthy
1314480,Healthy
1314489,Healthy
1314430,Stressed
1314472,Healthy
1314518,Healthy
1314496,Healthy
1314530,Healthy
1314508,Healthy
1314535,Pests
1314507,Healthy
1314517,Healthy
1314501,Stressed
1314468,Healthy
1314511,Diseased
1314521,Healthy
1314421,Stressed
1314495,Stressed
1314522,Healthy
1314476,Healthy
1314492,Healthy
1314520,Healthy
1314467,Healthy
1314487,Healthy
1314531,Healthy
1314423,Stressed
1314516,Healthy
1314418,Healthy
1314498,Healthy
1314512,Diseased
1314493,Healthy
1314500,Diseased
1314431,Diseased
1314473,Healthy
1314529,Healthy
1314436,Healthy
1314534,Diseased
1314494,Diseased
1314442,Healthy
1314504,Healthy
1314526,Diseased
1314527,Stressed
1314533,Healthy
1298050,Healthy
1298055,Stressed
1298039,Stressed
1298053,Healthy
1298042,Healthy
1298034,Pests
1297462,Healthy
1297290,Healthy
1297716,Stressed
1297690,Healthy
1297675,Healthy
1297713,Healthy
1297725,Healthy
1297707,Stressed
736439,Healthy
1297884,Healthy
1297882,Healthy
1297880,Healthy
1297881,Healthy
1297887,Healthy
401799,Healthy
1297941,Healthy
1297940,Healthy
1298080,Stressed
1298115,Healthy
1298157,Diseased
1298058,Healthy
1298114,Stressed
1298145,Healthy
1298061,Healthy
1298118,Healthy
1298125,Diseased
1298101,Healthy
1298116,Healthy
1298059,Healthy
1298158,Healthy
1298167,Diseased
1298146,Healthy
1298117,Pests
1298064,Pests
1298169,Healthy
67121,Pests
869633,Pests
1298130,Healthy
1298069,Healthy
1298159,Healthy
1298156,Healthy
1298126,Healthy
1298122,Stressed
1298147,Healthy
1298120,Healthy
1298075,Healthy
1298119,Diseased
1298123,Healthy
1298132,Healthy
47343,Healthy
1298150,Healthy
1298131,Stressed
1298089,Healthy
1298389,Healthy
1298384,Diseased
1298381,Diseased
1298396,Stressed
1298417,Healthy
1298423,Stressed
1304566,Healthy
1304693,Healthy
1304698,Healthy
1304694,Healthy
1304726,Healthy
1304720,Healthy
1304728,Healthy
1304731,Diseased
1304723,Healthy
1304737,Healthy
1305426,Stressed
1305425,Healthy
1305424,Healthy
1305465,Healthy
1305461,Healthy
1305467,Healthy
1305603,Healthy
1305559,Healthy
1305552,Healthy
1305550,Healthy
1305558,Healthy
1305541,Healthy
1305551,Healthy
1305554,Healthy
1305539,Healthy
1305606,Healthy
1305543,Healthy
1305544,Healthy
1305540,Healthy
1305548,Healthy
1305556,Healthy
1305549,Stressed
1305608,Healthy
755448,Healthy
1307117,Pests
1307321,Healthy
1307120,Healthy
1307488,Healthy
1307124,Healthy
1307434,Diseased
1307081,Stressed
1307474,Healthy
1307484,Healthy
1307503,Healthy
1307118,Healthy
1307187,Pests
1307466,Healthy
1307212,Healthy
1307491,Healthy
1307480,Healthy
1307371,Pests
1307182,Healthy
1307507,Healthy
1307189,Healthy
1307320,Healthy
1307506,Pests
1307219,Healthy
1307332,Healthy
1307130,Healthy
1307114,Diseased
1307072,Diseased
1307156,Healthy
1307265,Healthy
1307329,Diseased
1307450,Healthy
1307366,Stressed
1307181,Healthy
1307186,Healthy
1307432,Stressed
1307486,Healthy
1307229,Healthy
1307490,Healthy
1307214,Healthy
1307505,Healthy
1307082,Healthy
1307093,Pests
1307179,Healthy
1307447,Healthy
1307501,Healthy
1307260,Healthy
1307495,Healthy
1307232,Healthy
1307096,Pests
1307263,Healthy
1307362,Healthy
1307516,Healthy
1307121,Pests
1307163,Healthy
1307123,Healthy
1307127,Healthy
1307158,Healthy
1307357,Healthy
1307437,Healthy
1307097,Healthy
1307472,Healthy
1307493,Healthy
1307128,Healthy
1307267,Pests
1307122,Healthy
1307228,Healthy
1307074,Diseased
1307085,Healthy
1307208,Diseased
1307126,Healthy
1307504,Pests
1307377,Diseased
1307483,Healthy
542928,Stressed
1307494,Healthy
1307269,Healthy
1307184,Healthy
1307336,Healthy
1307340,Healthy
1307125,Healthy
1307498,Diseased
1307502,Diseased
1307077,Healthy
1307092,Diseased
1307095,Healthy
1307116,Healthy
1307262,Diseased
1307239,Stressed
1307322,Healthy
1307459,Healthy
1307215,Healthy
1307236,Healthy
1307478,Healthy
1307367,Healthy
1307479,Healthy
810963,Stressed
1307331,Healthy
1307129,Healthy
1307325,Healthy
1307324,Healthy
1307496,Healthy
1307485,Healthy
1307487,Healthy
1307499,Pests
1307343,Healthy
1305706,Pests
1305725,Pests
1305708,Healthy
1320838,Healthy
1305719,Pests
1305716,Healthy
1305727,Healthy
568023,Healthy
1305736,Healthy
1305717,Healthy
1305712,Healthy
1305732,Healthy
1305714,Healthy
1305722,Stressed
1305710,Pests
1305729,Healthy
1307587,Healthy
1307740,Pests
1307750,Healthy
1307752,Healthy
1307751,Healthy
1307747,Stressed
1307802,Healthy
1307760,Stressed
1307761,Healthy
1307798,Healthy
1307753,Stressed
1307758,Healthy
1307801,Healthy
1307803,Healthy
1307762,Diseased
256971,Diseased
1307759,Healthy
1307800,Healthy
1307794,Pests
1307797,Healthy
1307757,Stressed
1307805,Healthy
1307749,Healthy
1307806,Healthy
1307892,Stressed
1307914,Pests
1307882,Healthy
1307916,Healthy
1307888,Healthy
1307883,Stressed
753499,Healthy
1307898,Diseased
1307905,Healthy
1307900,Stressed
1307913,Diseased
1307918,Healthy
1307889,Healthy
1313687,Healthy
1313684,Healthy
37765,Healthy
1313667,Diseased
1313676,Healthy
1313688,Healthy
1313690,Stressed
1313692,Healthy
1313680,Healthy
1313682,Healthy
1313822,Healthy
1313828,Healthy
1313817,Healthy
1313832,Pests
1313833,Stressed
1313816,Healthy
1313835,Healthy
1313819,Healthy
1313830,Diseased
1313834,Healthy
1313831,Healthy
1313983,Healthy
1314003,Healthy
1314020,Healthy
1314078,Healthy
1314176,Diseased
1314091,Healthy
1314126,Healthy
1314121,Pests
1314142,Healthy
1314214,Healthy
1314160,Healthy
1314165,Healthy
1314203,Healthy
1314205,Healthy
1314001,Healthy
1314072,Stressed
1314170,Healthy
1314063,Healthy
1314116,Healthy
1314204,Healthy
1314100,Stressed
1314021,Stressed
1314112,Healthy
1313977,Healthy
1314034,Stressed
1314200,Diseased
1313994,Healthy
321190,Healthy
1314187,Diseased
1314101,Stressed
1314166,Healthy
1314175,Healthy
1314139,Healthy
1314092,Healthy
1314094,Healthy
1313976,Healthy
1314143,Stressed
1314172,Stressed
1314074,Healthy
1314118,Healthy
1314146,Healthy
1314215,Healthy
1313981,Healthy
1314014,Healthy
1314124,Stressed
1313967,Healthy
1314032,Healthy
1314102,Healthy
1314129,Healthy
1313990,Healthy
1314120,Healthy
1314136,Pests
1314019,Healthy
1314017,Healthy
1314117,Healthy
1314194,Healthy
1314119,Pests
1314206,Healthy
1314153,Healthy
1313992,Healthy
1314038,Healthy
1314090,Healthy
1314181,Diseased
1314035,Diseased
1314089,Healthy
1314192,Healthy
1314103,Healthy
1314201,Healthy
1314144,Healthy
1314171,Pests
1314029,Healthy
1314147,Healthy
1313995,Healthy
1314043,Healthy
1314169,Healthy
1314145,Healthy
1313997,Healthy
1314065,Diseased
1314010,Healthy
1314185,Healthy
1314086,Pests
1314041,Healthy
1314114,Healthy
1314177,Healthy
1314042,Diseased
1314060,Healthy
1314069,Healthy
1314156,Healthy
1314127,Healthy
1314216,Healthy
1314115,Healthy
1314163,Healthy
1314009,Healthy
1314154,Healthy
1314209,Healthy
1314015,Healthy
1314064,Healthy
1314158,Healthy
1314028,Diseased
1314133,Healthy
1314198,Healthy
1314044,Healthy
1314135,Healthy
1314082,Healthy
1314132,Healthy
1314006,Healthy
1314018,Healthy
1314106,Diseased
1314173,Healthy
1314033,Healthy
1314113,Healthy
1314196,Healthy
1314088,Pests
930110,Stressed
565960,Healthy
1314128,Healthy
1314131,Healthy
1314068,Healthy
1314076,Pests
1314197,Pests
1314207,Healthy
1314084,Healthy
1314109,Pests
1314005,Healthy
1314157,Healthy
1314210,Healthy
1314004,Diseased
156190,Healthy
1314122,Stressed
1314096,Pests
1314191,Healthy
1314212,Healthy
1314110,Healthy
1314098,Healthy
1314137,Healthy
1314140,Healthy
1313972,Stressed
1314079,Stressed
1314213,Healthy
1314055,Healthy
1314073,Healthy
1314011,Healthy
55427,Healthy
1314030,Healthy
1314168,Stressed
1314031,Healthy
1314130,Stressed
1314189,Healthy
1314008,Healthy
1314125,Diseased
1314134,Healthy
1314159,Healthy
1314161,Healthy
1314188,Healthy
1314162,Healthy
1314202,Healthy
1314022,Healthy
1314208,Stressed
1314083,Healthy
1314104,Stressed
1314105,Healthy
1314045,Healthy
1314193,Healthy
1314085,Healthy
1314097,Healthy
1314123,Pests
1314298,Healthy
1314373,Healthy
1314302,Healthy
1314337,Diseased
1314372,Healthy
1314285,Healthy
1314275,Healthy
1314290,Stressed
1314370,Diseased
1314304,Healthy
1314331,Healthy
1314349,Stressed
1314377,Healthy
1314394,Healthy
1314301,Healthy
1314278,Healthy
1314336,Healthy
1314378,Healthy
783836,Healthy
1314360,Stressed
1314316,Healthy
1314341,Healthy
1314308,Healthy
1314397,Healthy
1314369,Healthy
1314321,Healthy
1314338,Healthy
1314328,Healthy
1314375,Stressed
1314398,Healthy
1314300,Healthy
1314357,Healthy
1314276,Healthy
1314352,Healthy
1314292,Healthy
1314280,Healthy
1314315,Stressed
1314393,Stressed
1314391,Stressed
1314333,Healthy
1314379,Healthy
1314345,Healthy
1314351,Healthy
1314363,Diseased
1314401,Healthy
1314361,Healthy
1314332,Healthy
1314274,Healthy
1314359,Stressed
1314368,Diseased
1314286,Healthy
1314347,Healthy
1314350,Healthy
1314284,Healthy
1314283,Stressed
1314314,Pests
1314296,Stressed
1314277,Healthy
1314309,Healthy
1314320,Healthy
1314371,Stressed
1314306,Stressed
666956,Stressed
177495,Stressed
1314289,Healthy
1314273,Healthy
1314326,Healthy
1314353,Diseased
1314279,Stressed
1314348,Healthy
1314324,Healthy
1314325,Healthy
1314344,Healthy
1314362,Stressed
1314346,Diseased
1314356,Stressed
1314327,Diseased
1314319,Healthy
1314395,Healthy
1314294,Pests
1314335,Healthy
1314303,Stressed
1314367,Healthy
1314287,Healthy
1314386,Healthy
1314334,Healthy
1314339,Healthy
1314343,Pests
1314366,Healthy
1314305,Pests
1314384,Healthy
1314311,Healthy
1314293,Healthy
1314295,Healthy
1314396,Healthy
1314322,Healthy
1314358,Healthy
1314323,Healthy
1314281,Healthy
1314318,Healthy
1317777,Healthy
1317781,Healthy
1317778,Pests
1317796,Healthy
1317792,Healthy
1317794,Pests
1317791,Healthy
1317786,Healthy
1317761,Healthy
1317797,Healthy
1317903,Healthy
1317909,Stressed
1317893,Pests
1317886,Healthy
1317884,Pests
1317878,Healthy
1317889,Healthy
1317842,Healthy
1317907,Healthy
1317905,Healthy
166929,Diseased
1317843,Stressed
1317882,Diseased
1317900,Pests
1317904,Healthy
1318136,Healthy
1318105,Healthy
1318112,Diseased
1318028,Pests
1318141,Healthy
1318012,Stressed
1318099,Stressed
1318100,Diseased
1318108,Healthy
1318101,Pests
1318138,Healthy
1318080,Healthy
1318185,Pests
1318079,Healthy
1317997,Healthy
1318082,Healthy
1318172,Healthy
1317988,Healthy
1318010,Healthy
1318190,Healthy
1318139,Healthy
1318117,Stressed
1318007,Healthy
1318009,Diseased
1318204,Healthy
1318182,Diseased
1318005,Pests
1318127,Diseased
1318169,Healthy
1318103,Stressed
1318128,Healthy
1318199,Healthy
1318212,Diseased
1318097,Healthy
1318074,Healthy
1318078,Healthy
1318144,Healthy
1318037,Stressed
1318140,Healthy
1318071,Healthy
1318205,Diseased
1318187,Healthy
1318211,Pests
1318017,Diseased
1318149,Healthy
1318131,Healthy
1318203,Healthy
1318179,Healthy
1318020,Healthy
338877,Stressed
1318132,Healthy
1318133,Healthy
1318137,Healthy
1318200,Healthy
1318027,Stressed
1318202,Healthy
1318143,Stressed
1318175,Healthy
1318189,Healthy
1318022,Healthy
1318019,Healthy
1318245,Healthy
1318243,Healthy
1318238,Pests
1318297,Pests
1318249,Healthy
1318307,Pests
1318303,Pests
1318244,Pests
1318246,Healthy
1318248,Healthy
1318296,Healthy
1318242,Healthy
1318258,Healthy
1318247,Pests
1318236,Healthy
1318378,Healthy
1318358,Healthy
1318364,Healthy
1318388,Healthy
1318333,Stressed
1318359,Healthy
1318366,Pests
1318340,Healthy
1318376,Diseased
1318337,Healthy
1318369,Diseased
1318341,Diseased
1318360,Healthy
1318331,Diseased
1318377,Diseased
1318355,Healthy
1318389,Healthy
1318339,Healthy
1318350,Healthy
1318373,Diseased
1318371,Healthy
1318375,Diseased
1318680,Healthy
1318642,Pests
1318612,Healthy
1318678,Healthy
1318399,Pests
1318607,Healthy
1318670,Diseased
1318633,Healthy
1318656,Pests
1318675,Healthy
1318672,Healthy
1318452,Pests
1318644,Healthy
1318662,Healthy
1318476,Healthy
1318630,Healthy
1318664,Diseased
1318410,Healthy
1318420,Healthy
1318406,Healthy
1318449,Healthy
1318627,Healthy
1318442,Healthy
1318469,Stressed
1318391,Healthy
1318474,Stressed
1318511,Pests
1318658,Healthy
1318669,Pests
1318472,Healthy
1318671,Healthy
1318661,Healthy
1318659,Healthy
1318683,Healthy
1318619,Healthy
1318396,Stressed
1318401,Healthy
812324,Healthy
1318617,Healthy
1318392,Pests
1318512,Healthy
1318610,Healthy
1318635,Healthy
1318457,Healthy
1318398,Pests
1318395,Stressed
1318666,Healthy
1318625,Healthy
1318623,Pests
1318614,Diseased
1318436,Healthy
316131,Healthy
1318463,Healthy
1318608,Diseased
383207,Stressed
1318665,Stressed
1318444,Stressed
1318445,Pests
1318697,Healthy
1318705,Healthy
1318759,Healthy
1318743,Healthy
1318753,Diseased
1318698,Stressed
1318769,Healthy
1318688,Pests
1318739,Healthy
1318755,Healthy
1318746,Healthy
1318716,Healthy
1318762,Healthy
1318747,Healthy
1318702,Stressed
1318775,Healthy
1318717,Healthy
1318695,Healthy
1318711,Healthy
1318750,Healthy
1318772,Healthy
1318719,Healthy
1318773,Healthy
1318707,Stressed
1318690,Healthy
1318709,Stressed
1318770,Healthy
73954,Healthy
1318771,Healthy
1318766,Stressed
1318723,Diseased
1318699,Stressed
1318973,Stressed
1318889,Stressed
1318982,Healthy
1318960,Healthy
1318958,Healthy
1318969,Stressed
1318961,Healthy
1318979,Healthy
1318914,Healthy
1318970,Pests
1318924,Healthy
1318968,Stressed
1318874,Healthy
158039,Healthy
1318978,Healthy
1318911,Healthy
1318967,Stressed
1318980,Healthy
1318907,Diseased
1318936,Healthy
1318964,Stressed
1318903,Stressed
1318976,Healthy
1318883,Healthy
1318871,Healthy
1319011,Diseased
1319012,Healthy
1319005,Stressed
591926,Healthy
1319022,Healthy
1319019,Healthy
1318997,Stressed
1319032,Pests
1319016,Healthy
1318999,Healthy
1319008,Healthy
1319071,Pests
1319268,Healthy
1319132,Diseased
1319266,Pests
1319263,Healthy
1319256,Healthy
1319153,Healthy
1319267,Healthy
1319069,Healthy
1319073,Diseased
1319136,Healthy
1319150,Healthy
1319128,Stressed
1319134,Healthy
178331,Healthy
619756,Healthy
1319141,Stressed
1319259,Healthy
1319148,Diseased
1319147,Healthy
1319261,Healthy
1319301,Diseased
1319302,Healthy
278674,Healthy
1319308,Stressed
1319311,Healthy
1319314,Healthy
1319315,Healthy
1319317,Healthy
1319320,Healthy
1319326,Healthy
1319327,Healthy
1319338,Healthy
1319339,Diseased
1319340,Healthy
1319341,Healthy
1319345,Pests
1319348,Stressed
1319353,Diseased
1319362,Healthy
1319364,Healthy
1319366,Healthy
1319369,Healthy
1319372,Healthy
1319375,Healthy
1319379,Healthy
1319380,Healthy
1319384,Stressed
1319385,Healthy
1319390,Stressed
1319393,Healthy
1319395,Healthy
1319400,Healthy
1319401,Healthy
56263,Healthy
1319406,Healthy
1319414,Stressed
1319415,Healthy
1319416,Healthy
1319432,Diseased
1319435,Healthy
1319441,Stressed
1319443,Healthy
1319445,Healthy
1319446,Diseased
1319447,Stressed
1319449,Healthy
1319450,Healthy
1319452,Healthy
1319453,Healthy
1319458,Healthy
1319460,Healthy
1319461,Pests
1319462,Pests
1319466,Diseased
1319467,Stressed
1323379,Stressed
109153,Stressed
1323381,Healthy
1323382,Healthy
1323383,Healthy
1323384,Healthy
1323386,Healthy
1323387,Diseased
1323389,Healthy
1323391,Healthy
459331,Healthy
1323396,Healthy
1323398,Diseased
1323400,Pests
1323401,Pests
1323403,Stressed
1323406,Diseased
1323407,Healthy
1323408,Healthy
1323409,Healthy
1323410,Healthy
1323412,Healthy
1323413,Healthy
1323414,Stressed
1323415,Healthy
1323416,Healthy
1323417,Diseased
1323418,Pests
1323419,Healthy
1323420,Healthy
1323421,Healthy
1323422,Healthy
1323424,Healthy
1323427,Healthy
1323485,Healthy
1323492,Stressed
1323493,Healthy
1323501,Diseased
1323506,Healthy
1323507,Diseased
1323514,Diseased
1323515,Healthy
1323518,Healthy
1323519,Healthy
1323520,Healthy
1323521,Healthy
1323524,Healthy
1323525,Diseased
1323529,Diseased
1323532,Healthy
1323543,Diseased
1323545,Healthy
1323547,Healthy
1323549,Pests
1323550,Stressed
1323552,Diseased
1323554,Healthy
1323555,Healthy
1323556,Healthy
1323571,Healthy
1323573,Healthy
1323575,Healthy
860070,Healthy
1323579,Stressed
1323581,Diseased
1323583,Healthy
1323584,Diseased
1323591,Diseased
1323592,Diseased
1323594,Stressed
1323595,Healthy
1323598,Healthy
1323600,Diseased
1323603,Healthy
1323605,Pests
1323636,Stressed
1323638,Healthy
1323642,Healthy
1323643,Healthy
1322915,Stressed
1322962,Healthy
1322964,Healthy
1322967,Healthy
1322970,Pests
60548,Healthy
1322976,Healthy
1322982,Healthy
1322984,Diseased
1322988,Healthy
1322990,Healthy
1322991,Healthy
1323011,Healthy
1323016,Healthy
1323017,Healthy
1323018,Healthy
702282,Healthy
1323021,Pests
1323024,Healthy
1323025,Healthy
1323026,Diseased
1323029,Healthy
1323030,Healthy
1323031,Healthy
1323032,Stressed
1323035,Healthy
1323036,Healthy
1323038,Healthy
1323039,Diseased
1323045,Healthy
1323046,Pests
1319841,Healthy
1319845,Healthy
1319852,Healthy
1319861,Diseased
1319877,Healthy
1317562,Diseased
1317575,Diseased
1297475,Healthy
1297660,Healthy
1298418,Healthy
1304692,Healthy
1304733,Stressed
1305470,Pests
1307183,Healthy
1307103,Healthy
1314182,Healthy
1314179,Healthy
1317804,Healthy
1317800,Healthy
1317892,Diseased
1319456,Healthy
1319457,Healthy
1319459,Healthy
1320988,Diseased
1320994,Healthy
1321001,Healthy
44423,Healthy
1321003,Healthy
1321004,Healthy
1321006,Healthy
1321007,Healthy
1321008,Healthy
1321009,Diseased
1321010,Healthy
1321013,Healthy
1321014,Diseased
1321015,Diseased
1321016,Healthy
1321018,Healthy
1321019,Stressed
1321038,Diseased
1321039,Diseased
472677,Healthy
1321043,Healthy
1321044,Healthy
1321045,Diseased
1321046,Healthy
1321047,Healthy
1321048,Healthy
1321051,Healthy
1321053,Pests
1321057,Pests
1321060,Healthy
1321062,Healthy
1321063,Diseased
606460,Stressed
1321066,Healthy
1321069,Stressed
1321072,Healthy
1321073,Diseased
1321075,Diseased
1321076,Pests
1321098,Diseased
1321099,Diseased
1321102,Stressed
1321103,Stressed
1321106,Healthy
1321110,Stressed
1321111,Diseased
1321116,Stressed
1321118,Healthy
1321119,Healthy
1321127,Diseased
1321128,Diseased
1321132,Healthy
1321133,Healthy
1321136,Healthy
1321141,Healthy
1321143,Diseased
1321146,Healthy
1321147,Healthy
812111,Healthy
1321154,Healthy
1321157,Healthy
1321159,Healthy
1321211,Pests
1321213,Stressed
1321216,Healthy
79506,Healthy
1321221,Healthy
1321228,Diseased
1321236,Healthy
1321243,Healthy
494691,Diseased
1321253,Healthy
1321255,Healthy
1321258,Healthy
1321261,Pests
1321262,Healthy
1321272,Pests
1321282,Pests
1321285,Healthy
1321287,Healthy
1321291,Pests
1321292,Diseased
1321294,Healthy
1321297,Pests
1321298,Pests
1321299,Diseased
1321303,Healthy
1321314,Healthy
1321327,Healthy
1321334,Healthy
1321339,Pests
444242,Healthy
1321347,Healthy
1297628,Healthy
1321352,Healthy
1321353,Healthy
1321354,Pests
1321355,Healthy
1321356,Healthy
1321357,Healthy
1321360,Healthy
1321363,Healthy
1321367,Healthy
1321371,Healthy
1321373,Healthy
1321377,Healthy
1321378,Healthy
1321380,Healthy
1321383,Healthy
1321384,Healthy
1321385,Healthy
1321388,Healthy
1321392,Healthy
43469,Healthy
1321397,Healthy
1321403,Healthy
1321406,Healthy
1321418,Healthy
1321419,Pests
1321421,Healthy
1321426,Healthy
1321428,Healthy
1321429,Healthy
1321430,Diseased
1321431,Healthy
1321433,Healthy
1321435,Diseased
1321436,Healthy
1321437,Healthy
1321438,Healthy
1321439,Healthy
1321440,Diseased
1321441,Healthy
1321444,Stressed
1321445,Healthy
1321446,Healthy
1321447,Healthy
110889,Healthy
1321450,Healthy
1321457,Pests
1321462,Healthy
1321474,Diseased
1321481,Healthy
1321482,Healthy
1321486,Healthy
1321489,Healthy
1321490,Healthy
1321493,Healthy
1321494,Healthy
1321498,Healthy
1321499,Healthy
1321500,Healthy
1321509,Healthy
1321515,Diseased
1321516,Diseased
1321518,Healthy
1321527,Healthy
691941,Diseased
1321534,Healthy
1321535,Healthy
1321543,Healthy
1321544,Healthy
1321545,Healthy
1321546,Healthy
519970,Healthy
1321551,Stressed
1321556,Diseased
1321558,Diseased
1321560,Pests
1321561,Healthy
1321562,Diseased
1321565,Diseased
1321566,Healthy
1321567,Diseased
1321568,Healthy
1321570,Healthy
1321571,Pests
1321574,Diseased
1321581,Healthy
1321582,Healthy
1321583,Healthy
1321593,Healthy
1321594,Stressed
1321595,Diseased
1321596,Healthy
1321597,Healthy
1321598,Healthy
1321601,Healthy
1321604,Healthy
1321606,Diseased
1321609,Healthy
1321611,Healthy
1321613,Healthy
1321615,Healthy
1321617,Pests
1321619,Healthy
1321620,Healthy
1321621,Healthy
1321622,Healthy
1321623,Healthy
1321624,Healthy
1321625,Healthy
1321626,Healthy
1321627,Pests
1321628,Healthy
1321629,Healthy
1321630,Healthy
1321631,Healthy
1321632,Healthy
1321633,Diseased
1321646,Healthy
1321649,Healthy
1321653,Healthy
1321655,Healthy
1321659,Healthy
1321663,Healthy
1321665,Healthy
1321669,Diseased
1321674,Healthy
1321678,Healthy
1321680,Diseased
883931,Healthy
1321683,Healthy
1321684,Healthy
1321685,Stressed
1321686,Healthy
1321687,Healthy
1321688,Healthy
1321689,Healthy
1321690,Diseased
1321691,Healthy
1321692,Healthy
1321693,Diseased
1321694,Stressed
1321696,Healthy
1321697,Diseased
1321703,Diseased
1321706,Healthy
1321709,Healthy
1321710,Healthy
1321711,Stressed
1321713,Diseased
1321714,Stressed
1321715,Healthy
1321716,Healthy
1322055,Healthy
1322059,Diseased
1322061,Healthy
1322062,Healthy
1322063,Healthy
1322064,Healthy
1322065,Healthy
1322069,Healthy
1322073,Healthy
1322078,Healthy
1322082,Diseased
1322085,Diseased
1322091,Diseased
1322355,Healthy
1322358,Diseased
1322364,Diseased
1322366,Healthy
1322371,Healthy
1322375,Healthy
1322378,Healthy
1322381,Healthy
1322384,Healthy
1322394,Diseased
1322396,Healthy
1322398,Healthy
1322461,Stressed
1322464,Healthy
1322466,Healthy
1322483,Healthy
1322506,Diseased
1322595,Healthy
1322597,Diseased
1322600,Healthy
1322611,Healthy
1322617,Diseased
1322621,Healthy
773901,Pests
187649,Pests
1322631,Stressed
1322643,Healthy
1322645,Pests
1323886,Stressed
1324091,Healthy
1324096,Healthy
1324099,Diseased
1324102,Healthy
1324106,Stressed
1324114,Healthy
1324119,Diseased
1324121,Healthy
1324131,Diseased
1304740,Pests
1307169,Diseased
1307430,Healthy
1326333,Pests
1326334,Healthy
1326335,Healthy
1326336,Healthy
1326337,Pests
1326338,Diseased
1326339,Diseased
66394,Healthy
1326341,Diseased
1326342,Diseased
1326343,Diseased
1326345,Diseased
1326346,Healthy
1326347,Healthy
1326348,Pests
1326350,Healthy
1326351,Stressed
1326354,Pests
1326355,Pests
1326356,Pests
1326357,Pests
1326359,Healthy
1326374,Diseased
1326375,Healthy
1326376,Healthy
1326377,Diseased
1326378,Healthy
1326379,Diseased
1326380,Healthy
1326381,Healthy
1326382,Diseased
1326383,Diseased
1326384,Healthy
1326385,Healthy
1326386,Healthy
1326387,Pests
1326388,Healthy
1326389,Diseased
1326390,Healthy
1326391,Stressed
1326392,Healthy
1326393,Diseased
1326394,Healthy
1326395,Healthy
1326396,Stressed
1326397,Healthy
1326398,Stressed
1326399,Pests
1326400,Healthy
1326401,Diseased
1326403,Healthy
1326404,Healthy
1326405,Stressed
1326406,Healthy
1326407,Healthy
1326408,Healthy
1326409,Stressed
1326410,Healthy
1326411,Diseased
386453,Healthy
860876,Diseased
1324979,Healthy
1324980,Diseased
589427,Healthy
1324982,Stressed
220239,Healthy
1324985,Pests
1324987,Healthy
1324988,Healthy
1324989,Healthy
1324990,Pests
1324991,Healthy
1324992,Diseased
1324993,Pests
1324945,Pests
1324946,Diseased
1324947,Healthy
1324948,Healthy
1324949,Healthy
1324950,Healthy
219517,Diseased
1324952,Diseased
1324953,Pests
1324954,Healthy
1324955,Pests
1324956,Healthy
1324957,Pests
1324958,Healthy
1324959,Pests
1324960,Healthy
1324962,Diseased
1324963,Healthy
1324964,Stressed
1324965,Healthy
1324966,Healthy
1324967,Stressed
1324968,Diseased
1324969,Pests
1324970,Healthy
1324971,Pests
1324972,Healthy
1324973,Pests
1324974,Pests
1324975,Healthy
1324976,Healthy
1324977,Healthy
1324978,Stressed
1324907,Healthy
1324929,Healthy
1324937,Stressed
1324903,Healthy
1326445,Healthy
1326446,Healthy
1326448,Healthy
1326449,Diseased
1326450,Pests
1326451,Pests
1326507,Healthy
1326509,Diseased
1326511,Pests
1326512,Healthy
1326513,Diseased
1326515,Pests
1326516,Healthy
1326518,Diseased
1326519,Diseased
1326521,Healthy
1326522,Healthy
1326524,Healthy
1326526,Healthy
1326527,Healthy
1326528,Diseased
320034,Diseased
1326530,Pests
1326531,Healthy
1326532,Healthy
1326533,Stressed
1326534,Diseased
1326535,Healthy
1326536,Pests
1326537,Healthy
1326538,Healthy
1326539,Pests
1326540,Diseased
1326541,Healthy
1326542,Healthy
1326543,Diseased
1326544,Healthy
902667,Healthy
1326546,Healthy
1326547,Healthy
1326548,Stressed
1326549,Healthy
1326551,Healthy
1326553,Healthy
1326555,Healthy
1326556,Diseased
1326557,Stressed
1326558,Diseased
1326559,Diseased
1326560,Diseased
1326561,Healthy
1326562,Diseased
1326563,Healthy
1326565,Healthy
1326566,Pests
1326567,Diseased
1326568,Pests
1326569,Healthy
1326570,Diseased
1326571,Diseased
1326572,Healthy
1326574,Diseased
16314,Healthy
1325423,Diseased
1313935,Diseased
1317114,Diseased
1305718,Diseased
1317390,Diseased
1316204,Diseased
1308771,Diseased
1304434,Diseased
1300791,Diseased
1314459,Diseased
1299467,Diseased
1305078,Diseased
1319752,Diseased
1323119,Diseased
1324687,Diseased
1317119,Diseased
1315933,Healthy
1310426,Diseased
1316177,Diseased
1313812,Healthy
1313736,Diseased
1312748,Diseased
1315626,Diseased
1301512,Healthy
1313018,Diseased
1311154,Diseased
1307109,Healthy
1302984,Diseased
1314416,Diseased
1322178,Diseased
1308109,Diseased
1308725,Diseased
1316923,Diseased
1302475,Diseased
1316201,Healthy
1298685,Diseased
1306143,Diseased
1315334,Diseased
1315729,Diseased
1311133,Diseased
1299962,Diseased
1300319,Diseased
1303148,Diseased
1324195,Diseased
1312916,Diseased
1325667,Diseased
1301577,Diseased
538960,Diseased
1317326,Diseased
1312603,Diseased
1300449,Diseased
1306900,Diseased
1323275,Healthy
1325074,Diseased
1303511,Diseased
1307361,Healthy
1297739,Diseased
1304448,Diseased
1315687,Diseased
1318985,Diseased
1313180,Diseased
1314190,Healthy
1309681,Diseased
1322015,Diseased
1309163,Diseased
1323385,Diseased
1308887,Diseased
1316533,Diseased
1307066,Diseased
1301017,Diseased
1320667,Diseased
1315636,Diseased
1303752,Diseased
1325533,Healthy
1299107,Diseased
1312398,Diseased
1315397,Diseased
473355,Diseased
1303945,Diseased
1302648,Diseased
1307724,Diseased
1302690,Diseased
1314944,Diseased
1325230,Diseased
1301155,Healthy
1322053,Diseased
721550,Diseased
1318815,Diseased
1317914,Diseased
1317012,Diseased
1299842,Diseased
1308851,Diseased
1300249,Diseased
259375,Healthy
1309257,Diseased
1300157,Healthy
1325931,Diseased
1322024,Healthy
1320616,Diseased
1323164,Healthy
1301580,Healthy
1301275,Healthy
1319687,Healthy
863023,Pests
1318168,Diseased
1302023,Diseased
1317940,Pests
1305703,Healthy
1321121,Diseased
1301446,Diseased
1317597,Healthy
1304258,Diseased
1304226,Pests
698693,Pests
1317672,Diseased
1315305,Healthy
1307632,Pests
1305990,Pests
1297672,Diseased
1301909,Stressed
1312322,Healthy
1302414,Healthy
1302410,Healthy
1315318,Healthy
586773,Pests
1316469,Diseased
1298819,Healthy
1320621,Healthy
1305440,Healthy
1307555,Diseased
947699,Diseased
696066,Healthy
389026,Healthy
1303517,Stressed
1301920,Healthy
1300884,Stressed
1303456,Pests
1304849,Stressed
831529,Stressed
45285,Diseased
1301100,Healthy
1325312,Healthy
1324573,Healthy
1324188,Healthy
1298893,Healthy
752120,Healthy
1304055,Healthy
427351,Healthy
1308242,Healthy
167714,Diseased
949753,Healthy
1303757,Healthy
347132,Healthy
112321,Healthy
1299336,Pests
1310229,Stressed
638743,Healthy
1299205,Diseased
907892,Stressed
255955,Healthy
1313932,Pests
1319710,Healthy
1307153,Pests
1299507,Healthy
1302575,Pests
1305800,Diseased
1299258,Pests
1324490,Stressed
1314874,Stressed
330000,Stressed
447071,Pests
1312662,Healthy
1303076,Stressed
1302696,Stressed
157865,Stressed
1306734,Healthy
448829,Pests
1312631,Stressed
1297414,Pests
1324920,Stressed
1300656,Healthy
1301085,Healthy
1311006,Stressed
1318094,Healthy
1307272,Healthy
1299047,Pests
206198,Healthy
1299770,Healthy
793496,Pests
768438,Healthy
1325253,Healthy
1299367,Healthy
1300005,Healthy
1325240,Pests
1318196,Pests
1322149,Diseased
55732,Healthy
1325359,Healthy
1320858,Pests
1315737,Stressed
1325144,Pests
388111,Healthy
162053,Healthy
1314973,Healthy
1308660,Healthy
1306284,Healthy
1313746,Pests
311628,Healthy
1323953,Healthy
818634,Healthy
627765,Healthy
1319468,Healthy
221227,Healthy
1310163,Healthy
1298910,Healthy
1314013,Diseased
1312934,Healthy
150127,Stressed
253203,Pests
1301551,Healthy
818136,Healthy
1305934,Healthy
1324817,Healthy
1308952,Stressed
816124,Healthy
1319080,Healthy
1306230,Stressed
1299050,Healthy
792819,Healthy
1313138,Healthy
1309400,Healthy
179401,Diseased
791667,Pests
230649,Healthy
1298812,Healthy
945671,Healthy
110441,Healthy
1306938,Stressed
1317221,Stressed
823965,Healthy
1320681,Stressed
1320339,Healthy
760633,Healthy
1301378,Pests
1304248,Healthy
1325758,Healthy
509377,Healthy
947841,Healthy
799587,Stressed
1302914,Diseased
216118,Healthy
1310145,Healthy
1317270,Healthy
1308713,Healthy
1299268,Stressed
1323719,Healthy
1316728,Healthy
695633,Healthy
1320307,Healthy
1315927,Healthy
1317282,Diseased
454603,Stressed
1318851,Healthy
1303064,Healthy
1300668,Healthy
1305999,Healthy
1306070,Healthy
1314722,Healthy
1317305,Healthy
649958,Healthy
1314631,Healthy
1302943,Healthy
1312539,Healthy
1297814,Healthy
1300512,Healthy
1308824,Healthy
71007,Stressed
61630,Healthy
1317460,Healthy
1323877,Stressed
394181,Healthy
1326297,Healthy
1323431,Healthy
1303442,Healthy
1319092,Healthy
187289,Healthy
577994,Pests
80408,Healthy
1301050,Healthy
1307056,Healthy
1306071,Healthy
798877,Diseased
99420,Healthy
1306193,Pests
1306415,Healthy
1319719,Healthy
1303656,Pests
1324712,Healthy
1315621,Healthy
1320404,Pests
1312813,Healthy
1320686,Healthy
298776,Healthy
1310091,Healthy
1323251,Healthy
1312570,Healthy
377930,Healthy
1309291,Healthy
808013,Healthy
1323305,Healthy
1308459,Healthy
1309489,Healthy
248651,Healthy
853755,Healthy
153540,Healthy
798926,Diseased
766119,Healthy
54243,Healthy
495821,Healthy
389942,Healthy
666041,Healthy
672526,Diseased
132307,Diseased
616618,Healthy
31819,Healthy
813898,Diseased
72153,Diseased
575405,Diseased
1308655,Healthy
946334,Healthy
933868,Diseased
535623,Diseased
998705,Pests
140782,Healthy
995357,Healthy
829873,Healthy
629931,Healthy
551380,Pests
29662,Diseased
293341,Pests
774355,Diseased
611755,Stressed
657338,Stressed
794939,Healthy
296143,Healthy
551119,Healthy
916476,Healthy
121860,Healthy
270936,Healthy
1326552,Healthy
